MЖs;Tа(░C)а;Pа(mm);ETPа(mm);ARMа(mm);ETRа(mm);DEFа(mm);EXCа(mm);Cidade
Janа;а25,6а;а62а;а134а;а13а;а75а;а59а;а0а;Alagoinhas
аFevа;а24,6а;а74а;а109а;а9а;а78а;а31а;а0а;Alagoinhas
аMarа;а25,7а;а118а;а133а;а8а;а119а;а14а;а0а;Alagoinhas
аAbrа;а24,9а;а152а;а112а;а47а;а112а;а0а;а0а;Alagoinhas
аMaiа;а23,6а;а175а;а95а;а100а;а95а;а0а;а27а;Alagoinhas
аJunа;а22,7а;а143а;а80а;а100а;а80а;а0а;а63а;Alagoinhas
аJulа;а21,0а;а117а;а65а;а100а;а65а;а0а;а52а;Alagoinhas
аAgoа;а21,7а;а82а;а73а;а100а;а73а;а0а;а9а;Alagoinhas
аSetа;а22,6а;а60а;а83а;а80а;а80а;а2а;а0а;Alagoinhas
аOutа;а24,2а;а63а;а109а;а50а;а93а;а17а;а0а;Alagoinhas
аNovа;а24,8а;а87а;а118а;а37а;а100а;а18а;а0а;Alagoinhas
аDezа;а25,4а;а100а;а135а;а26а;а111а;а24а;а0;Alagoinhas
Janа;а26,1а;а12а;а136а;а0а;а12а;а124а;а0а;Barra
аFevа;а27,2а;а40а;а144а;а0а;а40а;а104а;а0а;Barra
аMarа;а27,0а;а82а;а152а;а0а;а82а;а70а;а0а;Barra
аAbrа;а26,4а;а141а;а133а;а8а;а133а;а0а;а0а;Barra
аMaiа;а25,9а;а106а;а126а;а7а;а107а;а18а;а0а;Barra
аJunа;а26,4а;а98а;а127а;а5а;а100а;а28а;а0а;Barra
аJulа;а25,5а;а106а;а117а;а4а;а106а;а10а;а0а;Barra
аAgoа;а25,2а;а64а;а113а;а3а;а66а;а48а;а0а;Barra
аSetа;а24,4а;а7а;а101а;а1а;а9а;а92а;а0а;Barra
аOutа;а23,3а;а3а;а91а;а0а;а4а;а88а;а0а;Barra
аNovа;а23,6а;а1а;а95а;а0а;а1а;а93а;а0а;Barra
аDezа;а24,6а;а1а;а114а;а0а;а1а;а113а;а0;Barra
Janа;а24,7а;а178а;а117а;а100а;а117а;а0а;а61а;Barreiras
аFevа;а24,7а;а146а;а107а;а100а;а107а;а0а;а39а;Barreiras
аMarа;а24,6а;а157а;а115а;а100а;а115а;а0а;а42а;Barreiras
аAbrа;а24,3а;а95а;а104а;а92а;а103а;а0а;а0а;Barreiras
аMaiа;а23,4а;а22а;а93а;а45а;а69а;а24а;а0а;Barreiras
аJunа;а22,4а;а12а;а77а;а23а;а34а;а44а;а0а;Barreiras
аJulа;а22,2а;а2а;а77а;а11а;а14а;а63а;а0а;Barreiras
аAgoа;а23,6а;а5а;а95а;а5а;а12а;а83а;а0а;Barreiras
аSetа;а25,9а;а20а;а125а;а2а;а23а;а102а;а0а;Barreiras
аOutа;а25,9а;а103а;а133а;а1а;а103а;а29а;а0а;Barreiras
аNovа;а25,3а;а176а;а123а;а54а;а123а;а0а;а0а;Barreiras
аDezа;а24,7а;а205а;а120а;а100а;а120а;а0а;а39;Barreiras
Janа;а25,8а;а80а;а134а;а58а;а122а;а12а;а0а;Bom Jesus da Lapa
аFevа;а25,9а;а102а;а124а;а47а;а114а;а11а;а0а;Bom Jesus da Lapa
аMarа;а25,0а;а176а;а120а;а100а;а120а;а0а;а2а;Bom Jesus da Lapa
аAbrа;а25,3а;а266а;а117а;а100а;а117а;а0а;а149а;Bom Jesus da Lapa
аMaiа;а24,4а;а286а;а105а;а100а;а105а;а0а;а181а;Bom Jesus da Lapa
аJunа;а23,2а;а237а;а85а;а100а;а85а;а0а;а152а;Bom Jesus da Lapa
аJulа;а22,5а;а194а;а79а;а100а;а79а;а0а;а115а;Bom Jesus da Lapa
аAgoа;а22,4а;а131а;а80а;а100а;а80а;а0а;а51а;Bom Jesus da Lapa
аSetа;а23,4а;а99а;а91а;а100а;а91а;а0а;а8а;Bom Jesus da Lapa
аOutа;а24,6а;а99а;а113а;а87а;а112а;а1а;а0а;Bom Jesus da Lapa
аNovа;а25,3а;а166а;а123а;а100а;а123а;а0а;а30а;Bom Jesus da Lapa
аDezа;а25,8а;а140а;а138а;а100а;а138а;а0а;а2;Bom Jesus da Lapa
Janа;а22,0а;а156а;а93а;а100а;а93а;а0а;а63а;Caititж
аFevа;а22,1а;а88а;а87а;а100а;а87а;а0а;а1а;Caititж
аMarа;а22,6а;а97а;а99а;а98а;а99а;а0а;а0а;Caititж
аAbrа;а21,6а;а67а;а83а;а84а;а81а;а1а;а0а;Caititж
аMaiа;а20,7а;а17а;а75а;а47а;а54а;а21а;а0а;Caititж
аJunа;а19,7а;а15а;а63а;а29а;а33а;а30а;а0а;Caititж
аJulа;а19,3а;а10а;а62а;а17а;а22а;а40а;а0а;Caititж
аAgoа;а20,1а;а6а;а69а;а9а;а14а;а55а;а0а;Caititж
аSetа;а21,1а;а12а;а77а;а5а;а16а;а61а;а0а;Caititж
аOutа;а22,3а;а77а;а94а;а4а;а78а;а17а;а0а;Caititж
аNovа;а22,2а;а165а;а93а;а76а;а93а;а0а;а0а;Caititж
аDezа;а22,2а;а180а;а98а;а100а;а98а;а0а;а58;Caititж
Janа;а25,8а;а80а;а133а;а59а;а121а;а12а;а0а;Camaуari
аFevа;а25,9а;а102а;а124а;а47а;а114а;а10а;а0а;Camaуari
аMarа;а25,0а;а176а;а120а;а100а;а120а;а0а;а3а;Camaуari
аAbrа;а25,3а;а266а;а117а;а100а;а117а;а0а;а149а;Camaуari
аMaiа;а24,4а;а286а;а105а;а100а;а105а;а0а;а181а;Camaуari
аJunа;а23,2а;а237а;а85а;а100а;а85а;а0а;а152а;Camaуari
аJulа;а22,5а;а194а;а80а;а100а;а80а;а0а;а114а;Camaуari
аAgoа;а22,4а;а131а;а80а;а100а;а80а;а0а;а51а;Camaуari
аSetа;а23,4а;а99а;а91а;а100а;а91а;а0а;а8а;Camaуari
аOutа;а24,6а;а99а;а113а;а87а;а112а;а1а;а0а;Camaуari
аNovа;а25,3а;а166а;а123а;а100а;а123а;а0а;а30а;Camaуari
аDezа;а25,8а;а140а;а137а;а100а;а137а;а0а;а3;Camaуari
аJanа;а25,9а;а173а;а137а;а100а;а137а;а0а;а20а;Canavieiras
аFevа;а25,9а;а150а;а126а;а100а;а126а;а0а;а24а;Canavieiras
аMarа;а25,7а;а145а;а132а;а100а;а132а;а0а;а13а;Canavieiras
аAbrа;а24,9а;а193а;а112а;а100а;а112а;а0а;а81а;Canavieiras
аMaiа;а22,1а;а147а;а78а;а100а;а78а;а0а;а69а;Canavieiras
аJunа;а22,3а;а149а;а76а;а100а;а76а;а0а;а73а;Canavieiras
аJulа;а21,9а;а177а;а74а;а100а;а74а;а0а;а103а;Canavieiras
аAgoа;а22,1а;а105а;а77а;а100а;а77а;а0а;а28а;Canavieiras
аSetа;а23,2а;а127а;а89а;а100а;а89а;а0а;а38а;Canavieiras
аOutа;а24,1а;а167а;а108а;а100а;а108а;а0а;а59а;Canavieiras
аNovа;а24,8а;а153а;а117а;а100а;а117а;а0а;а36а;Canavieiras
аDezа;а25,6а;а120а;а137а;а85а;а135а;а1а;а0;Canavieiras
Janа;а26,2а;а126а;а143а;а84а;а142а;а1а;а0а;Caravelas
аFevа;а26,5а;а65а;а136а;а42а;а108а;а28а;а0а;Caravelas
аMarа;а26,4а;а112а;а144а;а30а;а123а;а20а;а0а;Caravelas
аAbrа;а25,5а;а144а;а119а;а55а;а119а;а0а;а0а;Caravelas
аMaiа;а24,2а;а120а;а101а;а74а;а101а;а0а;а0а;Caravelas
аJunа;а22,9а;а97а;а79а;а92а;а79а;а0а;а0а;Caravelas
аJulа;а22,2а;а110а;а74а;а100а;а74а;а0а;а28а;Caravelas
аAgoа;а22,3а;а65а;а77а;а89а;а76а;а1а;а0а;Caravelas
аSetа;а23,1а;а87а;а86а;а90а;а86а;а0а;а0а;Caravelas
аOutа;а24,2а;а148а;а108а;а100а;а108а;а0а;а30а;Caravelas
аNovа;а25,1а;а176а;а122а;а100а;а122а;а0а;а54а;Caravelas
аDezа;а25,6а;а139а;а137а;а100а;а137а;а0а;а2;Caravelas
аJanа;а25,2а;а162а;а124а;а90а;а124а;а0а;а0а;Carinhanha
аFevа;а25,8а;а118а;а123а;а86а;а122а;а1а;а0а;Carinhanha
аMarа;а25,7а;а88а;а130а;а56а;а118а;а13а;а0а;Carinhanha
аAbrа;а25,1а;а51а;а113а;а30а;а77а;а36а;а0а;Carinhanha
аMaiа;а24,4а;а5а;а103а;а11а;а24а;а79а;а0а;Carinhanha
аJunа;а22,4а;а2а;а74а;а6а;а8а;а66а;а0а;Carinhanha
аJulа;а22,6а;а2а;а78а;а3а;а5а;а73а;а0а;Carinhanha
аAgoа;а24,5а;а2а;а103а;а1а;а4а;а100а;а0а;Carinhanha
аSetа;а26,0а;а13а;а125а;а0а;а14а;а111а;а0а;Carinhanha
аOutа;а26,4а;а64а;а141а;а0а;а64а;а76а;а0а;Carinhanha
аNovа;а26,1а;а117а;а135а;а0а;а117а;а18а;а0а;Carinhanha
аDezа;а25,8а;а189а;а137а;а52а;а137а;а0а;а0;Carinhanha
Janа;а26,9а;а71а;а151а;а3а;а75а;а76а;а0а;Cipз
аFevа;а26,8а;а70а;а137а;а1а;а71а;а66а;а0а;Cipз
аMarа;а26,6а;а88а;а145а;а1а;а89а;а57а;а0а;Cipз
аAbrа;а25,7а;а145а;а122а;а23а;а122а;а0а;а0а;Cipз
аMaiа;а24,5а;а168а;а106а;а86а;а106а;а0а;а0а;Cipз
аJunа;а23,1а;а137а;а83а;а100а;а83а;а0а;а40а;Cipз
аJulа;а22,5а;а96а;а78а;а100а;а78а;а0а;а18а;Cipз
аAgoа;а22,5а;а72а;а79а;а93а;а79а;а0а;а0а;Cipз
аSetа;а23,0а;а54а;а84а;а69а;а78а;а6а;а0а;Cipз
аOutа;а25,2а;а33а;а121а;а29а;а73а;а48а;а0а;Cipз
аNovа;а26,2а;а61а;а136а;а14а;а76а;а60а;а0а;Cipз
аDezа;а26,5а;а73а;а148а;а6а;а80а;а68а;а0;Cipз
Janа;а23,9а;а181а;а108а;а100а;а108а;а0а;а73а;Correntina
аFevа;а23,9а;а169а;а100а;а100а;а100а;а0а;а69а;Correntina
аMarа;а23,7а;а132а;а105а;а100а;а105а;а0а;а27а;Correntina
аAbrа;а23,3а;а70а;а94а;а79а;а91а;а3а;а0а;Correntina
аMaiа;а22,6а;а7а;а86а;а36а;а50а;а36а;а0а;Correntina
аJunа;а21,2а;а3а;а68а;а19а;а20а;а48а;а0а;Correntina
аJulа;а21,2а;а2а;а70а;а9а;а11а;а59а;а0а;Correntina
аAgoа;а22,8а;а2а;а87а;а4а;а7а;а80а;а0а;Correntina
аSetа;а25,2а;а20а;а116а;а2а;а22а;а93а;а0а;Correntina
аOutа;а25,1а;а106а;а122а;а1а;а106а;а16а;а0а;Correntina
аNovа;а24,6а;а164а;а115а;а50а;а115а;а0а;а0а;Correntina
аDezа;а24,2а;а229а;а116а;а100а;а116а;а0а;а63;Correntina
Janа;а25,0а;а174а;а125а;а100а;а125а;а0а;а49а;Guaratinga
аFevа;а24,8а;а143а;а112а;а100а;а112а;а0а;а31а;Guaratinga
аMarа;а25,3а;а97а;а128а;а74а;а123а;а4а;а0а;Guaratinga
аAbrа;а23,9а;а96а;а101а;а70а;а100а;а1а;а0а;Guaratinga
аMaiа;а22,9а;а85а;а89а;а67а;а88а;а1а;а0а;Guaratinga
аJunа;а21,4а;а63а;а69а;а63а;а67а;а2а;а0а;Guaratinga
аJulа;а20,9а;а73а;а66а;а70а;а66а;а0а;а0а;Guaratinga
аAgoа;а21,2а;а55а;а71а;а60а;а65а;а5а;а0а;Guaratinga
аSetа;а22,7а;а84а;а86а;а59а;а85а;а1а;а0а;Guaratinga
аOutа;а23,4а;а108а;а101а;а66а;а101а;а0а;а0а;Guaratinga
аNovа;а23,9а;а141а;а107а;а99а;а107а;а0а;а0а;Guaratinga
аDezа;а24,6а;а128а;а123а;а100а;а123а;а0а;а4;Guaratinga
аJanа;а25,9а;а144а;а136а;а100а;а136а;а0а;а8а;Ilhжus
аFevа;а26,0а;а190а;а127а;а100а;а127а;а0а;а63а;Ilhжus
аMarа;а25,9а;а210а;а135а;а100а;а135а;а0а;а75а;Ilhжus
аAbrа;а25,1а;а202а;а114а;а100а;а114а;а0а;а88а;Ilhжus
аMaiа;а24,0а;а180а;а100а;а100а;а100а;а0а;а80а;Ilhжus
аJunа;а22,7а;а179а;а79а;а100а;а79а;а0а;а100а;Ilhжus
аJulа;а22,1а;а188а;а75а;а100а;а75а;а0а;а113а;Ilhжus
аAgoа;а22,4а;а136а;а80а;а100а;а80а;а0а;а56а;Ilhжus
аSetа;а23,4а;а148а;а91а;а100а;а91а;а0а;а57а;Ilhжus
аOutа;а24,2а;а148а;а108а;а100а;а108а;а0а;а40а;Ilhжus
аNovа;а24,8а;а149а;а116а;а100а;а116а;а0а;а33а;Ilhжus
аDezа;а25,4а;а169а;а132а;а100а;а132а;а0а;а37;Ilhжus
аJanа;а23,8а;а110а;а107а;а21а;а107а;а0а;а0а;IrecЖ
аFevа;а24,0а;а91а;а101а;а19а;а93а;а8а;а0а;IrecЖ
аMarа;а23,8а;а101а;а107а;а18а;а102а;а5а;а0а;IrecЖ
аAbrа;а23,3а;а53а;а95а;а12а;а59а;а36а;а0а;IrecЖ
аMaiа;а22,4а;а12а;а86а;а6а;а18а;а68а;а0а;IrecЖ
аJunа;а21,3а;а6а;а71а;а3а;а9а;а62а;а0а;IrecЖ
аJulа;а21,0а;а3а;а70а;а1а;а4а;а66а;а0а;IrecЖ
аAgoа;а21,6а;а3а;а77а;а1а;а4а;а73а;а0а;IrecЖ
аSetа;а23,2а;а13а;а93а;а0а;а13а;а80а;а0а;IrecЖ
аOutа;а24,4а;а39а;а113а;а0а;а39а;а74а;а0а;IrecЖ
аNovа;а24,4а;а90а;а113а;а0а;а90а;а23а;а0а;IrecЖ
аDezа;а24,1а;а132а;а114а;а18а;а114а;а0а;а0;IrecЖ
аJanа;а26,0а;а117а;а136а;а0а;а117а;а19а;а0а;Itaberaba
аFevа;а26,1а;а91а;а127а;а0а;а91а;а36а;а0а;Itaberaba
аMarа;а26,0а;а90а;а136а;а0а;а90а;а46а;а0а;Itaberaba
аAbrа;а25,3а;а68а;а117а;а0а;а68а;а49а;а0а;Itaberaba
аMaiа;а24,2а;а43а;а102а;а0а;а43а;а59а;а0а;Itaberaba
аJunа;а22,7а;а46а;а79а;а0а;а46а;а33а;а0а;Itaberaba
аJulа;а21,9а;а33а;а73а;а0а;а33а;а40а;а0а;Itaberaba
аAgoа;а22,4а;а24а;а79а;а0а;а24а;а55а;а0а;Itaberaba
аSetа;а23,4а;а21а;а91а;а0а;а21а;а70а;а0а;Itaberaba
аOutа;а25,1а;а42а;а120а;а0а;а42а;а78а;а0а;Itaberaba
аNovа;а25,7а;а71а;а129а;а0а;а71а;а58а;а0а;Itaberaba
аDezа;а25,9а;а116а;а139а;а0а;а116а;а23а;а0;Itaberaba
Janа;а24,7а;а84а;а119а;а0а;а84а;а35а;а0а;Ituaуu
аFevа;а24,6а;а143а;а108а;а35а;а108а;а0а;а0а;Ituaуu
аMarа;а24,6а;а92а;а117а;а27а;а100а;а17а;а0а;Ituaуu
аAbrа;а24,6а;а91а;а110а;а22а;а96а;а14а;а0а;Ituaуu
аMaiа;а23,2а;а54а;а93а;а15а;а61а;а32а;а0а;Ituaуu
аJunа;а22,1а;а24а;а76а;а9а;а30а;а46а;а0а;Ituaуu
аJulа;а21,3а;а16а;а71а;а5а;а20а;а51а;а0а;Ituaуu
аAgoа;а21,1а;а6а;а70а;а3а;а8а;а62а;а0а;Ituaуu
аSetа;а22,1а;а9а;а80а;а1а;а10а;а69а;а0а;Ituaуu
аOutа;а23,7а;а23а;а104а;а1а;а24а;а80а;а0а;Ituaуu
аNovа;а24,4а;а85а;а113а;а0а;а85а;а28а;а0а;Ituaуu
аDezа;а24,9а;а81а;а126а;а0а;а81а;а45а;а0;Ituaуu
Janа;а22,3а;а94а;а98а;а55а;а139а;а-41а;а0а;Ituruуu
аFevа;а22,3а;а89а;а90а;а55а;а90а;а0а;а0а;Ituruуu
аMarа;а22,2а;а92а;а96а;а53а;а94а;а2а;а0а;Ituruуu
аAbrа;а21,5а;а76а;а84а;а49а;а80а;а4а;а0а;Ituruуu
аMaiа;а19,9а;а56а;а71а;а42а;а63а;а8а;а0а;Ituruуu
аJunа;а19,0а;а62а;а60а;а44а;а60а;а0а;а0а;Ituruуu
аJulа;а18,1а;а63а;а55а;а51а;а55а;а0а;а0а;Ituruуu
аAgoа;а18,7а;а41а;а61а;а42а;а50а;а11а;а0а;Ituruуu
аSetа;а19,5а;а33а;а66а;а30а;а45а;а21а;а0а;Ituruуu
аOutа;а20,6а;а66а;а80а;а26а;а70а;а10а;а0а;Ituruуu
аNovа;а21,6а;а88а;а89а;а26а;а88а;а1а;а0а;Ituruуu
аDezа;а22,1а;а126а;а99а;а53а;а99а;а0а;а0а;Ituruуu
Janа;а25,4а;а99а;а127а;а0а;а99а;а28а;а0а;Jacobina
аFevа;а25,5а;а82а;а118а;а0а;а82а;а36а;а0а;Jacobina
аMarа;а25,6а;а120а;а130а;а0а;а120а;а10а;а0а;Jacobina
аAbrа;а24,6а;а91а;а109а;а0а;а91а;а18а;а0а;Jacobina
аMaiа;а23,3а;а48а;а93а;а0а;а48а;а45а;а0а;Jacobina
аJunа;а22,1а;а53а;а76а;а0а;а53а;а23а;а0а;Jacobina
аJulа;а21,2а;а41а;а69а;а0а;а41а;а28а;а0а;Jacobina
аAgoа;а21,8а;а40а;а76а;а0а;а40а;а36а;а0а;Jacobina
аSetа;а23,2а;а31а;а90а;а0а;а31а;а59а;а0а;Jacobina
аOutа;а24,7а;а32а;а116а;а0а;а32а;а84а;а0а;Jacobina
аNovа;а25,3а;а86а;а123а;а0а;а86а;а37а;а0а;Jacobina
аDezа;а24,9а;а116а;а123а;а0а;а116а;а7а;а0;Jacobina
Janа;а24,8а;а156а;а120а;а100а;а120а;а0а;а36а;Lenузis
аFevа;а25,0а;а151а;а113а;а100а;а113а;а0а;а38а;Lenузis
аMarа;а25,1а;а160а;а124а;а100а;а124а;а0а;а36а;Lenузis
аAbrа;а24,1а;а150а;а103а;а100а;а103а;а0а;а47а;Lenузis
аMaiа;а22,9а;а78а;а90а;а89а;а89а;а1а;а0а;Lenузis
аJunа;а21,6а;а82а;а72а;а99а;а72а;а0а;а0а;Lenузis
аJulа;а20,9а;а65а;а68а;а96а;а67а;а0а;а0а;Lenузis
аAgoа;а21,7а;а46а;а76а;а71а;а71а;а5а;а0а;Lenузis
аSetа;а22,7а;а49а;а86а;а49а;а71а;а15а;а0а;Lenузis
аOutа;а23,8а;а96а;а105а;а45а;а100а;а5а;а0а;Lenузis
аNovа;а24,3а;а156а;а111а;а90а;а111а;а0а;а0а;Lenузis
аDezа;а24,4а;а172а;а118а;а100а;а118а;а0а;а44;Lenузis
Janа;а25,7а;а37а;а132а;а0а;а37а;а96а;а0а;Monte Santo
аFevа;а24,3а;а45а;а105а;а0а;а45а;а60а;а0а;Monte Santo
аMarа;а24,2а;а64а;а113а;а0а;а64а;а48а;а0а;Monte Santo
аAbrа;а23,3а;а69а;а96а;а0а;а69а;а27а;а0а;Monte Santo
аMaiа;а21,5а;а74а;а78а;а0а;а74а;а5а;а0а;Monte Santo
аJunа;а20,4а;а57а;а65а;а0а;а57а;а8а;а0а;Monte Santo
аJulа;а19,8а;а42а;а62а;а0а;а42а;а19а;а0а;Monte Santo
аAgoа;а20,0а;а37а;а64а;а0а;а37а;а28а;а0а;Monte Santo
аSetа;а21,5а;а19а;а77а;а0а;а19а;а58а;а0а;Monte Santo
аOutа;а23,2а;а27а;а100а;а0а;а27а;а73а;а0а;Monte Santo
аNovа;а24,2а;а49а;а111а;а0а;а49а;а61а;а0а;Monte Santo
аDezа;а24,0а;а78а;а114а;а0а;а78а;а36а;а0;Monte Santo
Janа;а21,1а;а93а;а89а;а68а;а89а;а0а;а0а;Morro do Chapжu
аFevа;а21,2а;а86а;а82а;а71а;а82а;а0а;а0а;Morro do Chapжu
аMarа;а21,0а;а93а;а88а;а77а;а88а;а0а;а0а;Morro do Chapжu
аAbrа;а20,6а;а68а;а79а;а69а;а76а;а3а;а0а;Morro do Chapжu
аMaiа;а19,2а;а33а;а69а;а48а;а54а;а15а;а0а;Morro do Chapжu
аJunа;а17,8а;а39а;а56а;а40а;а46а;а9а;а0а;Morro do Chapжu
аJulа;а17,2а;а27а;а53а;а31а;а36а;а17а;а0а;Morro do Chapжu
аAgoа;а17,5а;а21а;а56а;а22а;а30а;а26а;а0а;Morro do Chapжu
аSetа;а18,9а;а19а;а66а;а14а;а27а;а38а;а0а;Morro do Chapжu
аOutа;а20,2а;а43а;а80а;а9а;а47а;а33а;а0а;Morro do Chapжu
аNovа;а20,7а;а88а;а84а;а14а;а84а;а0а;а0а;Morro do Chapжu
аDezа;а20,9а;а139а;а89а;а63а;а89а;а0а;а0;Morro do Chapжu
Janа;а27,4а;а61а;а159а;а0а;а61а;а98а;а0а;Paulo Afonso
аFevа;а27,2а;а55а;а143а;а0а;а55а;а88а;а0а;Paulo Afonso
аMarа;а27,1а;а93а;а154а;а0а;а93а;а61а;а0а;Paulo Afonso
аAbrа;а25,5а;а81а;а118а;а0а;а81а;а37а;а0а;Paulo Afonso
аMaiа;а24,2а;а55а;а99а;а0а;а55а;а44а;а0а;Paulo Afonso
аJunа;а23,6а;а61а;а87а;а0а;а61а;а26а;а0а;Paulo Afonso
аJulа;а23,0а;а53а;а82а;а0а;а53а;а29а;а0а;Paulo Afonso
аAgoа;а23,5а;а25а;а89а;а0а;а25а;а64а;а0а;Paulo Afonso
аSetа;а24,9а;а18а;а108а;а0а;а18а;а90а;а0а;Paulo Afonso
аOutа;а26,4а;а15а;а139а;а0а;а15а;а124а;а0а;Paulo Afonso
аNovа;а27,7а;а18а;а162а;а0а;а18а;а144а;а0а;Paulo Afonso
аDezа;а27,3а;а47а;а162а;а0а;а47а;а115а;а0;Paulo Afonso
Janа;а26,5а;а111а;а142а;а66а;а135а;а7а;а0а;Remanso
аFevа;а26,6а;а121а;а133а;а58а;а128а;а5а;а0а;Remanso
аMarа;а26,7а;а145а;а147а;а57а;а146а;а1а;а0а;Remanso
аAbrа;а25,2а;а322а;а114а;а100а;а114а;а0а;а165а;Remanso
аMaiа;а25,2а;а325а;а116а;а100а;а116а;а0а;а209а;Remanso
аJunа;а24,3а;а351а;а98а;а100а;а98а;а0а;а253а;Remanso
аJulа;а23,6а;а204а;а91а;а100а;а91а;а0а;а113а;Remanso
аAgoа;а23,7а;а136а;а94а;а100а;а94а;а0а;а42а;Remanso
аSetа;а24,2а;а112а;а99а;а100а;а99а;а0а;а13а;Remanso
аOutа;а25,0а;а122а;а117а;а100а;а117а;а0а;а5а;Remanso
аNovа;а25,5а;а118а;а123а;а95а;а123а;а0а;а0а;Remanso
аDezа;а26,0а;а132а;а138а;а90а;а137а;а0а;а0;Remanso
аJanа;а26,5а;а111а;а145а;а62а;а136а;а9а;а0а;Salvador
аFevа;а26,6а;а121а;а135а;а54а;а129а;а6а;а0а;Salvador
аMarа;а26,7а;а145а;а147а;а53а;а146а;а1а;а0а;Salvador
аAbrа;а25,2а;а322а;а114а;а100а;а114а;а0а;а161а;Salvador
аMaiа;а25,2а;а325а;а114а;а100а;а114а;а0а;а211а;Salvador
аJunа;а24,3а;а351а;а96а;а100а;а96а;а0а;а255а;Salvador
аJulа;а23,6а;а204а;а90а;а100а;а90а;а0а;а114а;Salvador
аAgoа;а23,7а;а136а;а92а;а100а;а92а;а0а;а44а;Salvador
аSetа;а24,2а;а112а;а99а;а100а;а99а;а0а;а13а;Salvador
аOutа;а25,0а;а122а;а117а;а100а;а117а;а0а;а5а;Salvador
аNovа;а25,5а;а118а;а124а;а94а;а124а;а0а;а0а;Salvador
аDezа;а26,0а;а132а;а140а;а87а;а139а;а1а;а0;Salvador
аJanа;а24,6а;а161а;а115а;а100а;а115а;а0а;а39а;Santa Rita de Cрssia
аFevа;а24,4а;а140а;а104а;а100а;а104а;а0а;а36а;Santa Rita de Cрssia
аMarа;а24,4а;а155а;а112а;а100а;а112а;а0а;а43а;Santa Rita de Cрssia
аAbrа;а24,2а;а101а;а103а;а98а;а103а;а0а;а0а;Santa Rita de Cрssia
аMaiа;а23,7а;а20а;а98а;а45а;а73а;а25а;а0а;Santa Rita de Cрssia
аJunа;а22,1а;а4а;а75а;а22а;а27а;а48а;а0а;Santa Rita de Cрssia
аJulа;а21,1а;а1а;а68а;а11а;а12а;а56а;а0а;Santa Rita de Cрssia
аAgoа;а23,0а;а1а;а89а;а5а;а8а;а81а;а0а;Santa Rita de Cрssia
аSetа;а25,1а;а19а;а114а;а2а;а22а;а92а;а0а;Santa Rita de Cрssia
аOutа;а26,1а;а70а;а136а;а1а;а71а;а65а;а0а;Santa Rita de Cрssia
аNovа;а25,3а;а160а;а123а;а38а;а123а;а0а;а0а;Santa Rita de Cрssia
аDezа;а24,7а;а175а;а120а;а93а;а120а;а0а;а0;Santa Rita de Cрssia
Janа;а24,9а;а102а;а120а;а0а;а102а;а18а;а0а;Senhor do Bonfim
аFevа;а24,6а;а118а;а107а;а11а;а107а;а0а;а0а;Senhor do Bonfim
аMarа;а24,7а;а109а;а118а;а10а;а110а;а8а;а0а;Senhor do Bonfim
аAbrа;а23,7а;а96а;а99а;а10а;а96а;а2а;а0а;Senhor do Bonfim
аMaiа;а23,1а;а64а;а93а;а8а;а66а;а26а;а0а;Senhor do Bonfim
аJunа;а21,5а;а63а;а72а;а7а;а64а;а8а;а0а;Senhor do Bonfim
аJulа;а20,7а;а54а;а66а;а6а;а55а;а11а;а0а;Senhor do Bonfim
аAgoа;а21,5а;а34а;а75а;а4а;а36а;а39а;а0а;Senhor do Bonfim
аSetа;а22,6а;а34а;а85а;а2а;а36а;а50а;а0а;Senhor do Bonfim
аOutа;а24,2а;а39а;а110а;а1а;а40а;а70а;а0а;Senhor do Bonfim
аNovа;а25,1а;а54а;а121а;а1а;а55а;а66а;а0а;Senhor do Bonfim
аDezа;а25,2а;а83а;а128а;а0а;а83а;а45а;а0а;Senhor do Bonfim
Janа;а25,4а;а82а;а128а;а5а;а85а;а43а;а0а;Serrinha
аFevа;а25,3а;а80а;а116а;а3а;а81а;а35а;а0а;Serrinha
аMarа;а25,1а;а103а;а123а;а3а;а104а;а20а;а0а;Serrinha
аAbrа;а24,3а;а84а;а106а;а2а;а85а;а21а;а0а;Serrinha
аMaiа;а23,1а;а109а;а92а;а19а;а92а;а0а;а0а;Serrinha
аJunа;а21,8а;а95а;а74а;а41а;а74а;а0а;а0а;Serrinha
аJulа;а21,0а;а80а;а68а;а53а;а68а;а0а;а0а;Serrinha
аAgoа;а21,2а;а55а;а71а;а45а;а63а;а8а;а0а;Serrinha
аSetа;а22,3а;а38а;а82а;а29а;а54а;а28а;а0а;Serrinha
аOutа;а23,8а;а50а;а104а;а17а;а62а;а42а;а0а;Serrinha
аNovа;а24,8а;а65а;а117а;а10а;а72а;а45а;а0а;Serrinha
аDezа;а25,3а;а102а;а130а;а8а;а104а;а26а;а0;Serrinha
аJanа;а21,5а;а109а;а93а;а90а;а93а;а0а;а0а;Vitзria da Conquista
аFevа;а21,5а;а64а;а85а;а73а;а81а;а4а;а0а;Vitзria da Conquista
аMarа;а21,8а;а87а;а94а;а68а;а92а;а2а;а0а;Vitзria da Conquista
аAbrа;а20,7а;а58а;а78а;а56а;а70а;а8а;а0а;Vitзria da Conquista
аMaiа;а19,8а;а19а;а71а;а33а;а41а;а29а;а0а;Vitзria da Conquista
аJunа;а18,0а;а21а;а54а;а24а;а30а;а24а;а0а;Vitзria da Conquista
аJulа;а17,8а;а18а;а54а;а17а;а25а;а29а;а0а;Vitзria da Conquista
аAgoа;а18,6а;а18а;а61а;а11а;а24а;а37а;а0а;Vitзria da Conquista
аSetа;а19,5а;а30а;а68а;а7а;а33а;а34а;а0а;Vitзria da Conquista
аOutа;а20,7а;а56а;а83а;а6а;а58а;а25а;а0а;Vitзria da Conquista
аNovа;а21,2а;а124а;а87а;а42а;а87а;а0а;а0а;Vitзria da Conquista
аDezа;а21,6а;а128а;а96а;а74а;а96а;а0а;а0;Vitзria da Conquista
